{"count":1,"self":126.39306239999999,"total":127.48053999999999,"children":{"InitializeActuators":{"count":10,"self":0.0029573,"total":0.0029573,"children":null},"InitializeSensors":{"count":10,"self":0.00099779999999999986,"total":0.00099779999999999986,"children":null},"AgentSendState":{"count":1350,"self":0.0364365,"total":0.1095718,"children":{"CollectObservations":{"count":6750,"self":0.022920899999999998,"total":0.022920899999999998,"children":null},"WriteActionMask":{"count":6750,"self":0.010330299999999999,"total":0.010330299999999999,"children":null},"RequestDecision":{"count":6750,"self":0.0398841,"total":0.0398841,"children":null}}},"DecideAction":{"count":1350,"self":0.94183319999999993,"total":0.94183319999999993,"children":null},"AgentAct":{"count":1350,"self":0.032111299999999995,"total":0.032111299999999995,"children":null}},"gauges":{"Infect .CumulativeReward":{"count":3,"max":1,"min":-1,"runningAverage":-0.333333343,"value":-1,"weightedAverage":0.125}},"metadata":{"timer_format_version":"0.1.0","start_time_seconds":"1614928089","unity_version":"2020.2.4f1","command_line_arguments":"C:\\Program Files\\Unity\\Hub\\Editor\\2020.2.4f1\\Editor\\Unity.exe -projectpath D:\/bRuHzzeKtS\/Github\/Covid AR -useHub -hubIPC -cloudEnvironment production -hubSessionId 251d8680-7d5b-11eb-bdd0-a37b02a95d30 -accessToken fBMTdE60UnaHlxhjNgJUAkcX9pPMywli7STonPjvurQ00cf","communication_protocol_version":"1.4.0","com.unity.ml-agents_version":"1.8.0-preview","scene_name":"GameLauncherScene","end_time_seconds":"1614928217"}}